{
  "images" : [
    {
      "idiom" : "universal",
      "scale" : "1x"
    },
    {
      "idiom" : "universal",
      "filename" : "la6de8cadba19d05c55882c0081914617-swxid_kstbgbe30oq922#3894523783766486839-m34e2c8cba8c6c26e8425f6dcb95163b5.jpg",
      "scale" : "2x"
    },
    {
      "idiom" : "universal",
      "filename" : "l3f8c7b9bc97f80dc95b47145af8c400c-swxid_kstbgbe30oq922#888074497697788871-m10c031a392c5f285ba45f137735fa826.jpg",
      "scale" : "3x"
    }
  ],
  "info" : {
    "version" : 1,
    "author" : "xcode"
  }
}